,Games,ReleaseDate,Rating,Recommendations,Owners,CategoryInAppPurchase,GenreIsIndie,GenreIsAction,GenreIsAdventure,GenreIsCasual,GenreIsStrategy,GenreIsRPG,GenreIsSimulation,GenreIsEarlyAccess,GenreIsFreeToPlay,GenreIsSports,GenreIsRacing,GenreIsMassivelyMultiplayer,PriceInitial,PriceFinal,RevenueMillions
94,FlatOut 2(tm),Dec 21 2006,76,2870,417346,False,False,False,False,False,False,False,False,False,False,False,True,False,9.99,9.99,4.16928654
95,GTI Racing,Aug 24 2006,0,0,30669,False,False,False,False,False,False,False,False,False,False,False,True,False,4.99,4.99,0.15303831
96,Xpand Rally,Aug 24 2006,82,116,48245,False,False,False,False,False,False,False,False,False,False,False,True,False,4.99,4.99,0.24074255000000003
98,Xpand Rally Xtreme,Oct 8 2008,0,0,28158,False,False,False,False,False,False,False,False,False,False,False,True,False,4.99,4.99,0.14050842000000002
152,RACE - The WTCC Game,Nov 24 2006,0,126,250551,False,False,False,False,False,False,False,False,False,False,False,True,False,39.99,39.99,10.01953449
153,RACE - The WTCC Game,Nov 24 2006,0,126,250551,False,False,False,False,False,False,False,False,False,False,False,True,False,39.99,39.99,10.01953449
154,RACE: Caterham Expansion,Jun 22 2007,0,0,138996,False,False,False,False,False,False,False,False,False,False,False,True,False,4.99,4.99,0.69359004
192,FlatOut,Feb 2 2007,72,1241,309737,False,False,False,False,False,False,False,False,False,False,False,True,False,7.49,7.49,2.31993013
194,Ducati World Championship,Sep 21 2007,35,161,41609,False,False,False,False,False,False,False,False,False,False,False,True,False,4.99,4.99,0.20762891
219,Trackmania United Forever Star Edition,Apr 16 2008,80,633,129849,False,False,False,False,False,False,False,False,False,False,False,True,False,29.99,29.99,3.8941715099999996
237,Death Track(r): Resurrection,May 6 2009,53,0,42685,False,False,False,False,False,False,False,False,False,False,False,True,False,2.99,2.99,0.12762815
268,RACE 07,Oct 15 2007,83,1637,1139587,False,False,False,False,False,False,False,False,False,False,False,True,False,3.99,3.99,4.54695213
269,RACE On,Oct 16 2009,0,0,0,False,False,False,False,False,False,False,False,False,False,False,True,False,7.99,7.99,0.0
270,GTR 2 FIA GT Racing Game,Dec 12 2012,0,132,91468,False,False,False,False,False,False,False,True,False,False,True,True,False,7.99,7.99,0.7308293200000001
305,Test Drive Unlimited 2,Feb 2011,72,5972,419499,False,False,False,False,False,False,False,False,False,False,False,True,False,19.99,19.99,8.38578501
331,TrackMania Nations Forever,Apr 16 2008,0,5077,2040998,False,False,False,False,False,False,False,False,False,False,False,True,False,0.0,0.0,0.0
340,Gumboy Tournament,May 19 2008,0,519,105996,False,True,False,False,True,False,False,False,False,False,False,True,False,2.99,2.99,0.31692804
349,Crash Time 2,Aug 27 2009,0,1810,521907,False,False,True,False,False,False,False,False,False,False,False,True,False,9.99,9.99,5.2138509299999996
363,Midnight Club 2,Jan 4 2008,81,384,212888,False,False,False,False,False,False,False,False,False,False,False,True,False,9.99,9.99,2.12675112
373,FlatOut: Ultimate Carnage,Aug 26 2008,79,1450,329106,False,False,False,False,False,False,False,False,False,False,False,True,False,19.99,19.99,6.578828939999999
386,18 Wheels of Steel: American Long Haul,Jan 29 2008,0,272,64207,False,False,False,False,False,False,False,False,False,False,False,True,False,9.99,9.99,0.6414279300000001
392,Sprint Cars Road to Knoxville,Jul 29 2008,0,0,27979,False,False,False,False,False,False,False,False,False,False,False,True,False,9.99,9.99,0.27951021000000004
393,Midnight Outlaw: 6 Hours to SunUp,Jul 29 2008,0,0,27440,False,False,False,False,False,False,False,False,False,False,False,True,False,9.99,9.99,0.2741256
401,GRID(tm),Jun 4 2008,87,2893,734257,False,False,False,False,False,False,False,False,False,False,False,True,False,14.99,14.99,11.006512429999999
477,Trials 2: Second Edition,May 28 2008,0,169,107251,False,True,False,False,False,False,False,False,False,False,True,True,False,9.99,9.99,1.0714374899999999
478,Monster Trucks Nitro,Jan 29 2009,0,0,16680,False,True,False,False,False,False,False,False,False,False,True,True,False,19.99,19.99,0.33343319999999993
493,Need for Speed Undercover,Dec 19 2008,65,1726,301666,False,False,True,False,False,False,False,False,False,False,False,True,False,9.99,9.99,3.01364334
521,Zero Gear,Jan 12 2010,0,716,117295,False,True,True,False,False,False,False,False,False,False,True,True,False,4.99,4.99,0.58530205
558,Pyroblazer(r),Nov 13 2008,0,0,3049,False,False,False,False,False,False,False,False,False,False,False,True,False,4.99,4.99,0.01521451
565,Driver(r) Parallel Lines,Feb 13 2009,61,197,23136,False,False,False,False,False,False,False,False,False,False,False,True,False,9.99,9.99,0.23112864000000002
575,Rock of Ages,Sep 7 2011,74,2278,464515,False,True,True,False,False,True,False,False,False,False,False,True,False,9.99,9.99,4.64050485
623,Burnout Paradise: The Ultimate Box,Mar 12 2009,87,7919,2048172,False,False,False,False,False,False,False,False,False,False,False,True,False,19.99,19.99,40.94295827999999
629,Need for Speed: Shift,Oct 6 2009,83,749,200872,False,False,False,False,False,False,False,False,False,False,False,True,False,19.99,19.99,4.01543128
713,Metal Drift,Oct 22 2009,0,112,44837,False,True,True,False,False,False,False,False,False,False,True,True,False,9.99,9.99,0.44792163
760,Driver San Francisco,Sep 27 2011,80,2186,221676,False,False,True,False,False,False,False,False,False,False,False,True,False,19.99,19.99,4.431303239999999
769,Crash Time 3,Nov 25 2009,0,152,21163,False,False,True,False,False,False,False,False,False,False,False,True,False,5.99,5.99,0.12676637000000002
792,Sonic & SEGA All-Stars Racing,Mar 3 2010,65,451,223828,False,False,False,False,False,False,False,False,False,False,False,True,False,9.99,9.99,2.2360417200000002
846,Clutch,Jul 20 2009,51,102,23853,False,False,True,False,False,False,False,False,False,False,False,True,False,9.99,9.99,0.23829147
847,Insane 2,Jan 24 2012,0,262,53446,False,False,False,False,False,False,False,False,False,False,False,True,False,14.99,14.99,0.80115554
935,RACE - The WTCC Game,Nov 24 2006,0,126,0,False,False,False,False,False,False,False,False,False,False,False,True,False,39.99,39.99,0.0
938,RACE On,Oct 16 2009,0,0,135768,False,False,False,False,False,False,False,False,False,False,False,True,False,7.99,7.99,1.08478632
1031,naild,Nov 30 2010,69,852,88778,False,False,False,False,False,False,False,False,False,False,False,True,False,4.99,4.99,0.44300222000000006
1093,Super Laser  Racer,Feb 18 2010,0,0,43223,False,True,True,False,False,False,False,False,False,False,False,True,False,4.99,4.99,0.21568277000000002
1095,F1 2010(tm),Sep 21 2010,84,250,86626,False,False,False,False,False,False,False,True,False,False,True,True,False,9.99,9.99,0.86539374
1097,GRID 2,May 27 2013,80,9495,1053858,False,False,False,False,False,False,False,False,False,False,True,True,False,29.99,29.99,31.605201419999997
1098,F1 2011,Sep 19 2011,83,171,69588,False,False,False,False,False,False,False,True,False,False,True,True,False,14.99,14.99,1.04312412
1099,GTR - FIA GT Racing Game,Sep 25 2012,0,0,72278,False,False,False,False,False,False,False,False,False,False,True,True,False,6.99,6.99,0.5052232200000001
1100,RACE Injection,Nov 18 2011,72,0,157469,False,False,False,False,False,False,False,False,False,False,False,True,False,12.99,12.99,2.04552231
1101,GT Legends,Nov 28 2012,84,171,128594,False,False,False,False,False,False,False,True,False,False,True,True,False,7.99,7.99,1.02746606
1106,Ignite,Oct 28 2011,59,228,68332,False,False,False,False,False,False,False,False,False,False,False,True,False,9.99,9.99,0.6826366800000001
1119,A.I.M. Racing,Jan 22 2010,0,0,17397,False,False,True,False,False,False,False,False,False,False,False,True,False,2.99,2.99,0.052017030000000006
1173,Need For Speed: Hot Pursuit,Dec 14 2010,86,6554,838997,False,False,False,False,False,False,False,False,False,False,False,True,False,19.99,19.99,16.77155003
1177,Shift 2 Unleashed,Mar 29 2011,84,1172,193339,False,False,False,False,False,False,False,False,False,False,False,True,False,19.99,19.99,3.86484661
1204,Nimbus,Oct 25 2010,80,166,57930,False,True,False,False,False,False,False,False,False,False,False,True,False,9.99,9.99,0.5787207000000001
1233,MX vs. ATV Reflex,Nov 26 2010,0,1378,513119,False,False,False,False,False,False,False,False,False,False,False,True,False,19.99,19.99,10.257248809999998
1297,Ride em Low,Nov 4 2013,0,0,20625,False,False,False,False,False,False,False,True,False,False,False,True,False,4.99,4.99,0.10291875
1356,Crazy Taxi,Mar 4 2011,0,614,276916,False,False,True,False,False,False,False,False,False,False,False,True,False,7.99,7.99,2.21255884
1386,SkyDrift,Nov 21 2011,73,670,213067,False,True,False,False,False,False,False,False,False,False,False,True,False,9.99,9.99,2.12853933
1393,Post Apocalyptic Mayhem,Mar 17 2011,44,1401,237100,False,False,True,False,False,False,False,False,False,False,False,True,False,9.99,9.99,2.368629
1493,Death Rally,Aug 3 2012,0,437,86626,False,False,True,False,False,False,False,False,False,False,False,True,False,9.99,9.99,0.86539374
1501,inMomentum,Oct 31 2011,59,138,75686,False,True,False,False,False,False,False,False,False,False,False,True,False,9.99,9.99,0.75610314
1509,Snuggle Truck,Feb 3 2012,0,395,133077,False,True,False,False,True,False,False,False,False,False,False,True,False,4.99,4.99,0.66405423
1510,Smash Cars,Oct 18 2011,0,0,6277,False,False,True,False,False,False,False,False,False,False,True,True,False,9.99,9.99,0.06270723
1529,Super Toy Cars,Jun 6 2014,0,267,48962,False,True,False,False,False,False,False,False,False,False,False,True,False,9.99,9.99,0.48913038000000003
1540,Off-Road Drive,Sep 29 2011,60,333,65642,False,False,False,False,False,False,False,True,False,False,False,True,False,6.99,6.99,0.45883758
1569,Flatout 3: Chaos & Destruction,Dec 13 2011,0,1528,181681,False,False,False,False,False,False,False,False,False,False,False,True,False,29.99,29.99,5.44861319
1571,DiRT Showdown,May 23 2012,72,2680,764567,False,False,True,False,False,False,False,False,False,False,True,True,False,14.99,14.99,11.46085933
1581,Ridge Racer(tm) Unbounded,Mar 29 2012,72,692,177377,False,False,False,False,False,False,False,False,False,False,False,True,False,9.99,9.99,1.77199623
1602,F1 RACE STARS(tm),Nov 13 2012,62,451,74071,False,False,False,False,False,False,False,False,False,False,False,True,False,14.99,14.99,1.11032429
1625,Retro City Rampage(tm) DX,Nov 11 2014,0,1934,390444,False,True,True,True,False,False,False,False,False,False,False,True,False,9.99,9.99,3.9005355600000002
1673,Bang Bang Racing,Jun 8 2012,0,292,72816,False,False,False,False,False,False,False,False,False,False,False,True,False,9.99,9.99,0.7274318399999999
1676,SpeedRunners,Apr 19 2016,84,15156,1231414,False,True,True,False,True,False,False,False,False,False,True,True,False,14.99,14.99,18.45889586
1679,Fireburst,Apr 25 2012,59,111,30310,False,False,True,True,False,False,False,False,False,False,False,True,False,9.99,9.99,0.30279690000000004
1710,F1 2012(tm),Sep 17 2012,80,1042,324981,False,False,False,False,False,False,False,True,False,False,True,True,False,19.99,19.99,6.4963701899999995
1722,Mad Riders(tm),May 30 2012,0,0,20087,False,False,False,False,False,False,False,True,False,False,False,True,False,9.99,9.99,0.20066913
1737,Mini Motor Racing EVO,May 1 2013,0,571,93620,False,True,False,False,True,False,False,False,False,False,False,True,False,4.99,4.99,0.4671638000000001
1783,RaceRoom Racing Experience,Feb 12 2013,0,5750,3133058,True,False,False,False,False,False,False,True,False,True,True,True,False,0.0,0.0,0.0
1791,Test Drive: Ferrari Racing Legends,Dec 10 2012,0,236,19190,False,False,False,False,False,False,False,False,False,False,False,True,False,19.99,19.99,0.38360809999999995
1802,Sonic & All-Stars Racing Transformed,Jan 31 2013,79,8242,805638,False,False,False,False,False,False,False,False,False,False,True,True,False,19.99,19.99,16.10470362
1817,ThunderWheels Demo,Apr 7 2012,0,0,0,False,True,False,False,True,False,False,False,False,False,True,True,False,0.0,0.0,0.0
1932,Trials Evolution: Gold Edition,Mar 21 2013,85,1651,257546,False,False,True,False,False,False,False,False,False,False,False,True,False,19.99,19.99,5.14834454
1943,Zombie Driver HD,Oct 17 2012,0,1349,195850,False,True,True,False,False,False,False,False,False,False,False,True,False,9.99,9.99,1.9565415
1968,Rail Adventures - VR Tech Demo,Aug 25 2016,0,0,29593,False,True,True,False,False,False,False,False,False,True,False,True,False,0.0,0.0,0.0
1988,Dyad,Apr 24 2013,80,208,38740,False,True,True,False,False,False,False,False,False,False,False,True,False,14.99,14.99,0.5807126
1994,F1 2013,Oct 3 2013,77,3188,260416,False,False,False,False,False,False,False,True,False,False,True,True,False,24.99,24.99,6.50779584
2002,LocoCycle,Feb 14 2014,0,215,19370,False,False,True,True,True,False,False,False,False,False,False,True,False,9.99,9.99,0.19350630000000002
2004,Pressure,Mar 26 2013,64,1121,540022,False,True,True,False,True,False,False,False,False,False,False,True,False,7.99,7.99,4.314775780000001
2008,Fast & Furious(tm): Showdown,May 21 2013,0,117,20267,False,False,True,False,False,False,False,False,False,False,True,True,False,29.99,29.99,0.60780733
2044,F1 2014,Oct 16 2014,61,1096,136844,False,False,False,False,False,False,False,False,False,False,True,True,False,29.99,29.99,4.10395156
2049,MUD Motocross World Championship,Feb 26 2013,0,0,12913,False,False,False,False,False,False,False,False,False,False,True,True,False,9.99,9.99,0.12900087000000002
2087,Next Car Game: Wreckfest,Jan 14 2014,0,6056,317449,False,True,True,False,False,False,False,True,True,False,True,True,False,39.99,39.99,12.694785509999999
2091,TrackMania2 Canyon,Feb 27 2013,81,916,170920,False,False,False,False,False,False,False,False,False,False,True,True,False,19.99,19.99,3.4166908
2093,Carnage Racing (tm),Nov 21 2013,0,695,12016,False,False,True,False,False,False,False,False,False,False,False,True,False,0.0,0.0,0.0
2103,Joe Danger,Jun 24 2013,0,0,25109,False,True,True,False,True,False,False,False,False,False,False,True,False,14.99,14.99,0.37638391000000004
2148,TrackMania2 Stadium,Jun 20 2013,0,0,332514,False,False,False,False,False,False,False,False,False,False,True,True,False,9.99,9.99,3.32181486
2169,Distance,Dec 9 2014,0,0,109045,False,True,True,False,False,False,False,False,True,False,False,True,False,19.99,19.99,2.17980955
2190,Rush Bros.,May 24 2013,0,0,168051,False,True,True,False,False,False,False,False,False,False,False,True,False,9.99,9.99,1.67882949
2193,Project CARS,Mar 15 2015,83,0,563158,False,False,False,False,False,False,False,True,False,False,True,True,False,29.99,29.99,16.88910842
2233,Hot Wheels(tm) Worlds Best Driver(tm),Sep 17 2013,0,0,5739,False,False,True,False,False,False,False,False,False,False,False,True,False,0.0,0.0,0.0
2305,MotoGP(tm)13,Jun 20 2013,0,305,31566,False,False,False,False,False,False,False,True,False,False,True,True,False,19.99,19.99,0.6310043399999999
2315,The Crew(tm),Dec 1 2014,71,10427,333052,False,False,True,False,False,False,False,False,False,False,False,True,True,29.99,29.99,9.98822948
2327,Joe Danger 2: The Movie,Jun 24 2013,82,325,315655,False,True,True,False,True,False,False,False,False,False,False,True,False,14.99,14.99,4.73166845
2357,TrackMania2 Valley,Jul 4 2013,0,279,96849,False,False,False,False,False,False,False,False,False,False,True,True,False,19.99,19.99,1.9360115099999997
2358,Urban Trial Freestyle,Sep 18 2013,58,1346,169306,False,False,True,False,False,False,False,True,False,False,True,True,False,6.99,6.99,1.18344894
2363,Gas Guzzlers Extreme,Oct 8 2013,73,1799,194953,False,False,True,False,False,False,False,False,False,False,True,True,False,24.99,24.99,4.87187547
2374,Assetto Corsa,Dec 19 2014,85,8286,375558,False,True,False,False,False,False,False,True,False,False,True,True,False,29.99,29.99,11.26298442
2404,Trials Fusion(tm),Apr 24 2014,80,1364,170203,False,False,False,False,False,False,False,False,False,False,False,True,False,19.99,19.99,3.4023579699999997
2454,Dino Run DX,Sep 29 2015,0,307,22239,False,True,True,False,False,False,False,False,False,False,False,True,False,5.99,5.99,0.13321161
2481,Carmageddon: Reincarnation,May 21 2015,54,2844,104561,False,True,True,False,False,False,False,False,False,False,False,True,False,29.99,29.99,3.1357843899999995
2593,Rocket League(r),Jul 7 2015,86,86627,4602110,False,True,True,False,False,False,False,False,False,False,True,True,False,19.99,19.99,91.99617889999999
2595,Race The Sun,Dec 9 2013,79,4755,807252,False,True,True,False,False,False,False,False,False,False,False,True,False,9.99,9.99,8.06444748
2651,GRID Autosport,Jun 26 2014,78,5027,520114,False,False,False,False,False,False,False,False,False,False,True,True,False,39.99,39.99,20.799358859999998
2671,Truck Racer,Oct 18 2013,0,142,25288,False,False,False,False,False,False,False,False,False,False,False,True,False,9.99,9.99,0.25262712
2674,WRC 4 FIA World Rally Championship,Oct 25 2013,0,759,68691,False,False,False,False,False,False,False,False,False,False,False,True,False,29.99,29.99,2.0600430899999997
2675,MXGP - The Official Motocross Videogame,Mar 28 2014,0,633,42685,False,False,False,False,False,False,False,True,False,False,True,True,False,19.99,19.99,0.8532731499999999
2676,MotoGP(tm)14,Jun 20 2014,76,326,17935,False,False,False,False,False,False,False,True,False,False,True,True,False,29.99,29.99,0.53787065
2700,Riptide GP2,Mar 7 2014,0,301,38022,False,True,True,False,False,False,False,True,False,False,True,True,False,6.99,6.99,0.26577378
2836,Little Racers STREET,Feb 6 2014,0,585,89675,False,True,False,False,True,False,False,False,False,False,False,True,False,7.99,7.99,0.71650325
2857,SPINTIRES(tm),Jun 12 2014,67,12204,855318,False,False,False,True,False,False,False,True,False,False,False,True,False,29.99,29.99,25.65098682
2889,Vangers,Apr 24 2014,0,127,38201,False,True,True,True,False,False,False,False,False,False,False,True,False,6.99,6.99,0.26702499
2890,Victory: The Age of Racing,Feb 12 2016,0,744,378966,False,True,False,False,False,False,False,True,False,True,True,True,False,0.0,0.0,0.0
2959,Calibre 10 Racing,Mar 26 2014,0,0,13989,False,False,True,False,False,False,False,False,True,False,False,True,False,9.99,9.99,0.13975011
2961,iRacing,Jan 12 2015,79,357,19908,False,False,False,False,False,False,False,True,False,False,True,True,True,9.99,9.99,0.19888092000000002
2985,Glacier 3: The Meltdown,Jan 23 2014,0,386,184909,False,False,True,False,False,False,False,False,False,False,False,True,False,9.99,9.99,1.8472409100000002
2996,Krautscape,Feb 24 2016,0,196,29055,False,True,False,False,False,False,False,False,False,False,False,True,False,7.99,7.99,0.23214945
3028,Burning Cars,Jan 31 2014,0,0,5919,False,False,False,False,False,False,False,False,False,False,False,True,False,5.99,5.99,0.035454809999999996
3075,Jones On Fire,Mar 27 2015,0,0,13272,False,True,True,False,True,False,False,False,False,False,False,True,False,2.99,0.98,0.01300656
3122,Formula Truck 2013,Feb 2 2015,0,0,10044,False,False,False,False,False,False,False,True,False,False,True,True,False,14.99,14.99,0.15055956
3129,Stock Car Extreme,Feb 11 2015,0,330,22957,False,False,False,False,False,False,False,True,False,False,True,True,False,19.99,19.99,0.45891043
3150,Jet Car Stunts,May 1 2014,57,112,22239,False,True,False,False,False,False,False,False,False,False,True,True,False,2.99,2.99,0.06649461
3251,Rage Runner,May 16 2014,0,0,15424,False,True,True,False,True,False,False,True,False,False,False,True,False,4.99,4.99,0.07696576000000001
3274,KRUNCH,Mar 19 2014,0,0,21343,False,True,True,False,False,False,False,False,False,False,False,True,False,9.99,9.99,0.21321657
3285,T.E.C. 3001,Apr 11 2014,0,344,34973,False,True,True,False,False,False,False,False,False,False,False,True,False,3.99,3.99,0.13954227000000002
3292,Mashed,Apr 24 2014,0,176,17397,False,False,False,False,False,False,False,False,False,False,False,True,False,4.99,4.99,0.08681103
3312,Carmageddon Max Pack,Jun 30 1997,0,241,74609,False,True,True,False,False,False,False,False,False,False,False,True,False,9.99,9.99,0.74534391
3313,Carmageddon 2: Carpocalypse Now,Sep 19 2014,0,270,83398,False,True,True,False,False,False,False,False,False,False,False,True,False,9.99,9.99,0.83314602
3314,MX vs. ATV Supercross Encore,Oct 27 2015,0,392,13272,False,False,False,False,False,False,False,True,False,False,True,True,False,29.99,29.99,0.39802728
3379,BeamNG.drive,May 29 2015,0,5398,364797,False,False,False,False,False,False,False,True,True,False,False,True,False,24.99,24.99,9.11627703
3385,Farm Machines Championships 2014,Mar 14 2014,0,106,38381,False,False,False,False,False,False,False,True,False,False,False,True,False,0.0,0.0,0.0
3402,Speed Kills,May 16 2014,0,125,53446,False,True,True,False,False,False,False,False,False,False,False,True,False,9.99,9.99,0.53392554
3420,Hard Truck Apocalypse / Ex Machina,Mar 14 2014,0,670,44299,False,False,True,False,False,False,True,False,False,False,False,True,False,7.99,7.99,0.35394901
3421,Sledgehammer / Gear Grinder,Mar 12 2014,0,0,9326,False,False,True,False,False,False,False,False,False,False,False,True,False,7.99,7.99,0.07451474000000001
3426,Action Henk,May 11 2015,74,295,91289,False,True,True,False,False,False,False,False,False,False,False,True,False,14.99,14.99,1.36842211
3439,Dog Sled Saga,Dec 8 2014,0,0,9326,False,True,False,False,False,False,True,False,True,False,True,True,False,7.99,7.99,0.07451474000000001
3452,F1 2015,Jul 9 2015,61,2170,117653,False,False,False,False,False,False,False,False,False,False,True,True,False,54.99,54.99,6.46973847
3459,Hard Truck Apocalypse: Rise Of Clans / Ex Machina: Meridian 113,Mar 14 2014,0,337,39098,False,False,True,False,False,False,False,False,False,False,False,True,False,5.99,5.99,0.23419702
3460,Hard Truck Apocalypse: Arcade / Ex Machina: Arcade,Mar 14 2014,0,102,20805,False,False,True,False,False,False,False,False,False,False,False,True,False,4.99,4.99,0.10381695
3470,Toybox Turbos,Nov 11 2014,69,531,82501,False,False,False,False,False,False,False,False,False,False,False,True,False,14.99,14.99,1.23668999
3472,Colin McRae Rally,Jul 30 2014,0,1430,211453,False,False,False,False,False,False,False,False,False,False,True,True,False,6.99,6.99,1.47805647
3506,HTR+ Slot Car Simulation,May 29 2014,0,0,8429,False,False,False,False,False,False,False,False,False,False,False,True,False,6.99,6.99,0.05891871
3535,RC Cars,Apr 23 2014,65,117,11299,False,False,False,False,True,False,False,False,False,False,False,True,False,2.99,2.99,0.03378401
3628,Racer 8,Jun 6 2014,0,1271,345786,False,False,False,False,True,False,False,False,False,False,False,True,False,4.99,0.49,0.16943513999999998
3631,Street Racing Syndicate,Apr 24 2014,0,1205,312606,False,False,False,False,False,False,False,False,False,False,False,True,False,9.99,9.99,3.12293394
3729,Darkwind: War on Wheels,Aug 22 2014,0,402,231182,False,True,False,False,False,True,True,False,False,True,False,True,True,0.0,0.0,0.0
3737,Swipecart,May 8 2014,0,548,137023,False,True,False,False,True,False,False,False,False,False,False,True,False,2.99,2.99,0.40969877000000005
3786,Collateral,Nov 24 2014,0,0,2870,False,True,True,True,False,False,False,False,True,False,False,True,False,24.99,24.99,0.07172129999999999
3798,Qvadriga,Jun 13 2014,72,159,25109,False,False,False,False,False,True,False,True,False,False,True,True,False,19.99,19.99,0.50192891
3800,Split/Second,Oct 6 2014,79,399,34076,False,False,True,False,False,False,False,False,False,False,False,True,False,19.99,19.99,0.68117924
3814,FLASHOUT 2,Jun 6 2014,0,179,29593,False,True,True,False,False,False,False,True,False,False,False,True,False,4.99,4.99,0.14766907
3877,Road Redemption,Sep 18 2014,0,2242,94517,False,True,True,True,True,True,True,True,True,False,True,True,False,19.99,19.99,1.8893948299999999
3878,Unpossible,Jul 3 2015,0,0,4484,False,False,False,False,False,False,False,False,False,False,False,True,False,2.99,2.99,0.013407160000000001
3922,Disney*Pixar Cars 2: The Video Game,Oct 6 2014,0,0,7891,False,False,True,True,False,False,False,False,False,False,False,True,False,19.99,19.99,0.15774109
3967,BlazeRush,Oct 28 2014,66,724,75506,False,True,True,False,False,False,False,False,False,False,False,True,False,9.99,9.99,0.75430494
3998,Motorcycle Club,Nov 28 2014,0,0,3228,False,False,False,False,False,False,False,False,False,False,False,True,False,9.99,9.99,0.03224772
4064,Slipstream 5000,Oct 9 2015,0,0,94159,False,False,True,False,False,False,False,False,False,False,True,True,False,5.99,5.99,0.56401241
4071,Ford Street Racing,Sep 9 2014,0,0,8967,False,False,False,False,False,False,False,False,False,False,False,True,False,4.99,4.99,0.04474533
4109,Sleeping Dogs: Definitive Edition,Oct 8 2014,0,4540,481195,False,False,True,True,False,False,False,False,False,False,False,True,False,29.99,29.99,14.43103805
4124,Altitude0: Lower & Faster,Sep 2014,0,0,2690,False,True,True,False,False,False,False,True,True,False,True,True,False,18.99,18.99,0.0510831
4138,Orborun,Sep 5 2014,0,360,165898,False,True,True,False,False,False,False,False,False,False,False,True,False,5.99,5.99,0.9937290200000001
4153,DiRT Rally,Dec 7 2015,86,9349,402640,False,False,False,False,False,False,False,True,False,False,True,True,False,59.99,59.99,24.154373600000003
4183,OCEAN CITY RACING: Redux,Nov 14 2014,0,538,69408,False,True,True,False,True,False,False,True,False,False,False,True,False,2.99,1.79,0.12424032
4194,RC Mini Racers,Jul 16 2015,0,0,27082,False,True,True,False,False,False,False,False,False,False,False,True,False,4.99,4.99,0.13513918
4257,4x4 Dream Race,Jul 15 2014,0,0,2870,False,False,False,False,False,False,False,False,False,False,False,True,False,4.99,4.99,0.0143213
4281,Spheritis,Jun 4 2015,0,0,0,False,True,False,False,True,False,False,False,False,False,False,True,False,8.99,8.99,0.0
4345,Ford Racing 3,Sep 9 2014,0,543,43761,False,False,False,False,False,False,False,False,False,False,False,True,False,4.99,4.99,0.21836739000000002
4351,Ford Racing Off Road,Sep 9 2014,0,0,9326,False,False,False,False,False,False,False,False,False,False,False,True,False,4.99,4.99,0.04653674000000001
4369,Disney*Pixar Cars Toon: Maters Tall Tales,Oct 6 2014,0,0,6457,False,False,True,True,False,False,False,False,False,False,False,True,False,19.99,19.99,0.12907543
4396,MotorSport Revolution,Jan 15 2015,0,0,4304,False,False,False,False,False,False,False,True,False,False,True,True,False,14.99,14.99,0.06451696
4408,Quantum Rush Champions,Dec 4 2014,0,132,35153,False,True,True,False,True,False,False,True,False,False,True,True,False,9.99,6.99,0.24571947
4470,The Collider,Sep 15 2014,0,933,33180,False,False,False,False,True,False,False,False,False,False,False,True,False,2.99,2.99,0.09920820000000001
4487,Absolute Drift,Jul 29 2015,66,1144,127876,False,True,True,False,False,False,False,True,False,False,True,True,False,11.99,11.99,1.53323324
4490,Car Mechanic Simulator 2015,Apr 23 2015,68,3420,356368,False,False,False,False,False,False,False,True,False,False,False,True,False,19.99,19.99,7.123796319999999
4491,World Truck Racing,Sep 16 2014,0,0,9685,False,False,False,False,False,False,False,False,False,False,False,True,False,4.99,4.99,0.04832815
4498,Coffin Dodgers,Jul 8 2015,0,400,52370,False,True,True,False,True,False,False,False,False,False,False,True,False,10.99,10.99,0.5755463000000001
4511,DiRT 3 Complete Edition,Apr 1 2015,86,4529,3542513,False,False,False,False,False,False,False,True,False,False,True,True,False,29.99,29.99,106.23996487
4528,Aquadelic GT,Mar 25 2015,0,0,2694,False,False,False,False,False,False,False,True,False,False,False,True,False,4.99,4.99,0.013443060000000001
4530,MotoGP(tm)14 Compact,Nov 21 2014,0,0,3946,False,False,False,False,False,False,False,True,False,False,True,True,False,9.99,9.99,0.039420540000000004
4568,Pure,Oct 6 2014,80,112,14348,False,False,False,False,False,False,False,False,False,False,False,True,False,19.99,19.99,0.28681651999999996
4605,Super Indie Karts,May 6 2015,0,0,3946,False,True,False,False,False,False,False,False,True,False,True,True,False,9.99,9.99,0.039420540000000004
4614,iO,Dec 5 2014,0,132,26544,False,True,True,False,False,False,False,False,False,False,False,True,False,4.99,4.99,0.13245456
4617,Moto Racer Collection,Oct 2 2014,0,0,16680,False,False,False,False,False,False,False,False,False,False,True,True,False,9.99,9.99,0.1666332
4632,SinaRun,Oct 26 2015,0,144,7712,False,True,False,False,False,False,False,False,True,False,False,True,False,2.99,2.99,0.02305888
4641,StuntMANIA Reloaded,Nov 13 2014,0,0,24392,False,False,False,True,True,False,False,False,False,False,False,True,False,4.99,4.99,0.12171608
4642,Monster Truck Destruction,Jul 10 2015,0,204,61338,False,False,True,False,False,False,False,False,False,False,False,True,False,4.99,4.99,0.30607662
4658,Homebrew - Vehicle Sandbox,Nov 14 2014,0,439,38022,False,True,True,True,False,False,False,True,True,False,True,True,False,17.99,17.99,0.68401578
4687,Space Warp,Nov 4 2014,0,0,9685,False,True,True,False,False,False,False,False,False,False,False,True,False,4.99,4.99,0.04832815
4701,Motorama,Nov 21 2014,0,148,25109,False,False,True,False,False,False,False,False,False,False,False,True,False,19.99,4.99,0.12529391
4741,Tales Runner,Feb 17 2015,0,516,297003,True,False,True,True,True,False,False,False,False,True,False,True,False,0.0,0.0,0.0
4751,Redline,Oct 23 2014,0,0,21163,False,False,True,False,False,False,False,False,False,False,False,True,False,6.99,6.99,0.14792937
4790,JumpJet Rex,Apr 21 2015,76,270,94517,False,True,True,True,False,False,False,False,False,False,False,True,False,9.99,9.99,0.9442248300000001
4827,Tail Drift,Oct 29 2014,0,0,3766,False,True,False,False,False,False,False,False,True,False,True,True,False,9.99,9.99,0.037622340000000004
4837,Radial-G : Racing Revolved,Mar 28 2016,0,114,8250,False,True,False,False,False,False,False,False,False,False,False,True,False,24.99,24.99,0.2061675
4844,Disney*Pixar Cars,Feb 24 2015,73,0,4842,False,False,False,True,False,False,False,False,False,False,False,True,False,19.99,19.99,0.09679157999999999
4851,Heavy Metal Machines,2016,0,0,121240,False,True,True,False,False,True,False,False,False,True,True,True,False,0.0,0.0,0.0
4865,Carmageddon TDR 2000,Dec 4 2014,0,171,61876,False,True,True,False,False,False,False,False,False,False,False,True,False,4.99,4.99,0.30876124
4882,The Next Penelope,May 29 2015,82,161,26364,False,True,True,False,False,False,False,False,False,False,False,True,False,12.99,12.99,0.34246835999999997
4883,Disney*Pixar Cars Mater-National Championship,Feb 24 2015,0,0,3946,False,False,False,False,False,False,False,False,False,False,False,True,False,19.99,19.99,0.07888054
4922,Star Rangers(tm),Jul 6 2016,0,0,2152,False,True,True,True,True,False,True,True,True,False,False,True,False,11.99,11.99,0.02580248
4980,VRC PRO,Mar 24 2015,0,161,4125,False,True,True,False,True,False,False,True,False,False,True,True,False,44.99,17.99,0.07420875
4982,Goscurry,Jan 16 2015,0,0,1435,False,True,True,False,False,False,False,False,False,False,False,True,False,7.99,7.99,0.011465649999999999
5020,MXGP - The Official Motocross Videogame Compact,Dec 3 2014,0,0,4842,False,False,False,False,False,False,False,True,False,False,True,True,False,9.99,9.99,0.048371580000000004
5022,Race.a.bit,Mar 10 2016,0,0,8788,False,True,False,False,False,False,False,False,False,False,False,True,False,9.99,9.99,0.08779212
5037,Monster Jam Battlegrounds,Jun 10 2015,0,0,14169,False,False,True,False,False,False,False,False,False,False,True,True,False,14.99,14.99,0.21239331
5047,Crash And Burn Racing,Dec 9 2014,0,0,6636,False,True,False,False,False,False,False,False,False,False,False,True,False,3.99,3.99,0.026477640000000004
5097,Bears Cant Drift!?,Aug 8 2016,0,0,0,False,True,False,False,False,False,False,False,False,False,False,True,False,9.99,9.99,0.0
5110,Just Get Through,Jan 30 2015,0,163,19549,False,True,True,True,True,False,False,False,False,False,False,True,False,4.99,4.99,0.09754951
5132,Harold,Feb 12 2015,70,0,1793,False,True,True,False,False,False,False,False,False,False,False,True,False,9.99,9.99,0.01791207
5170,rFactor,Mar 2 2015,0,185,43044,False,False,False,False,False,False,False,True,False,False,True,True,False,24.99,24.99,1.07566956
5204,SuperBike TT,Feb 25 2015,0,0,533,False,False,False,False,False,False,False,False,True,False,True,True,False,12.99,12.99,0.00692367
5322,Fermis Path,Apr 20 2015,0,0,19370,False,True,True,False,True,False,False,True,False,False,False,True,False,8.99,6.29,0.12183730000000001
5326,Corona MotorSport,Mar 13 2015,0,0,4484,False,True,True,True,False,False,False,True,True,False,True,True,False,9.99,9.99,0.04479516
5337,Motorbike,Jan 19 2015,0,0,4304,False,True,True,False,True,False,False,True,False,False,True,True,False,4.99,4.99,0.02147696
5338,Disney*Pixar Cars: Radiator Springs Adventures,Feb 24 2015,0,0,3587,False,False,False,True,False,False,False,False,False,False,False,True,False,19.99,19.99,0.07170412999999999
5352,Crash Drive 2,May 28 2015,0,464,32462,False,True,True,False,True,False,False,True,False,False,False,True,False,4.99,4.99,0.16198538
5377,Janky Tanks,Feb 12 2015,0,0,808,False,True,True,False,False,False,False,False,True,False,False,True,False,4.99,4.99,0.0040319200000000005
5435,RIDE,Mar 27 2015,68,906,42506,False,False,False,False,False,False,False,True,False,False,True,True,False,39.99,39.99,1.6998149400000002
5443,NASCAR 15 Victory Edition,May 22 2015,0,341,20805,False,False,False,False,False,False,False,False,False,False,False,True,False,9.99,9.99,0.20784195000000003
5453,Rktcr,May 12 2015,0,0,897,False,True,False,True,False,False,False,False,False,False,False,True,False,7.99,7.99,0.00716703
5470,Musclecar Online,Feb 12 2015,0,0,11478,False,True,False,False,True,False,False,False,False,False,False,True,True,5.99,2.99,0.034319220000000004
5472,Vector 36,Oct 21 2015,0,0,3049,False,True,True,False,False,False,False,True,True,False,False,True,False,14.99,14.99,0.045704510000000004
5478,Racecraft,Mar 4 2016,0,0,23136,False,True,False,False,False,False,False,True,True,False,True,True,False,19.99,19.99,0.46248863999999995
5534,Street Arena,Jul 10 2015,0,0,4663,False,True,True,False,False,False,False,False,False,False,False,True,False,6.99,6.99,0.032594370000000004
5540,Trackday Manager,Mar 31 2016,0,260,4484,False,False,False,False,False,True,False,True,False,False,True,True,False,11.99,11.99,0.053763160000000004
5541,RUMP! - Its a Jump and Rump!,Feb 26 2016,0,0,0,True,True,True,False,True,False,False,False,True,False,False,True,False,11.99,11.99,0.0
5573,FIM Speedway Grand Prix 15,Nov 30 2015,68,0,10044,False,False,False,False,False,False,False,True,False,False,True,True,False,24.99,24.99,0.25099956
5695,Riff Racer - Race Your Music!,May 12 2016,0,562,28337,False,True,False,False,True,False,False,False,False,False,False,True,False,9.99,3.99,0.11306463
5705,MadOut,Jun 5 2015,0,0,2152,False,True,True,False,False,False,False,True,False,False,False,True,False,9.99,3.99,0.008586479999999999
5720,Poppy Kart,Oct 9 2015,0,0,0,False,True,False,False,False,False,False,False,False,False,False,True,False,4.99,4.99,0.0
5735,Giana Sisters: Dream Runners,Aug 26 2015,0,0,22777,False,True,True,False,False,False,False,False,False,False,False,True,False,9.99,9.99,0.22754223
5766,Hypership Out of Control,Sep 29 2015,0,0,11478,False,True,True,False,True,False,False,False,False,False,False,True,False,1.99,1.99,0.022841220000000002
5769,WRC 5 FIA World Rally Championship,Oct 8 2015,65,364,27082,False,False,False,False,False,False,False,False,False,False,False,True,False,39.99,39.99,1.0830091800000001
5808,Race Online,Nov 16 2015,0,0,808,False,False,False,False,False,False,False,False,True,False,False,True,False,11.99,11.99,0.009687920000000001
5812,Sebastien Loeb Rally EVO,Jan 29 2016,0,250,12375,False,False,False,False,False,False,False,True,False,False,True,True,False,49.99,49.99,0.61862625
5818,MotoGP(tm)15,Jun 23 2015,0,242,29413,False,False,False,False,False,False,False,True,False,False,True,True,False,39.99,39.99,1.1762258700000001
5837,Trigger Runners,Mar 3 2016,0,0,14707,False,True,True,True,False,False,False,False,False,False,False,True,False,1.99,1.99,0.02926693
5847,FutureGrind,2016,0,0,0,False,True,True,False,False,False,False,False,False,False,True,True,False,0.0,0.0,0.0
5863,Tile Rider,Jun 4 2015,0,0,1614,False,True,True,True,False,False,False,False,False,False,False,True,False,3.99,3.99,0.00643986
5901,The Collider 2,Apr 19 2016,70,0,3228,False,False,True,False,True,False,False,False,False,False,False,True,False,9.99,9.99,0.03224772
5922,VR Karts,Apr 17 2015,0,0,1070,False,True,False,False,True,False,False,False,True,False,False,True,False,0.0,0.0,0.0
5950,Death Rally (Classic),May 5 2014,0,0,71740,False,False,False,False,False,False,False,False,False,False,False,True,False,4.99,4.99,0.35798260000000004
5961,Wacky Wheels,May 5 2014,0,0,72637,False,False,True,False,False,False,False,False,False,False,False,True,False,4.99,4.99,0.36245863
5981,Switch Galaxy Ultra,Nov 20 2015,0,0,14707,False,True,True,False,False,False,False,False,False,False,False,True,False,9.99,9.99,0.14692292999999998
5987,MX vs. ATV Unleashed,Apr 16 2015,71,157,23495,False,False,False,False,False,False,False,True,False,False,False,True,False,9.99,9.99,0.23471505
5992,Crazy Cars - Hit the Road,Mar 27 2015,0,0,20446,False,False,False,False,False,False,False,False,False,False,False,True,False,2.99,2.99,0.06113354
5996,Defunct,Jan 29 2016,0,0,8967,False,True,False,True,False,False,False,False,False,False,False,True,False,9.99,9.99,0.08958033
6020,Copa Petrobras de Marcas,Apr 8 2015,0,1272,761518,False,False,False,False,False,False,False,True,False,True,True,True,False,0.0,0.0,0.0
6132,High On Racing,May 25 2015,0,127,91648,False,True,False,False,False,False,False,False,False,False,False,True,False,4.99,4.99,0.45732352000000004
6147,Garfield Kart,Oct 16 2015,0,432,20446,False,False,False,False,False,False,False,False,False,False,False,True,False,4.99,1.49,0.030464540000000002
6162,O3DX,Jan 22 2016,0,0,7174,False,True,True,False,False,False,False,False,False,False,False,True,False,9.99,9.99,0.07166826
6167,D Series OFF ROAD Racing Simulation,May 19 2015,0,0,717,False,False,False,False,False,False,False,True,False,False,False,True,False,17.99,17.99,0.012898829999999998
6169,Spermination,Apr 29 2015,0,300,16141,False,True,True,False,False,False,False,False,False,False,False,True,False,2.99,2.99,0.04826159000000001
6232,N2O: Nitrous Oxide,Jun 29 2015,0,0,3049,False,False,True,False,False,False,False,False,False,False,False,True,False,4.99,4.99,0.01521451
6262,Organ Biker,Jun 1 2015,0,0,11299,False,True,True,False,True,False,False,False,False,False,False,True,False,0.99,0.99,0.01118601
6273,CHARIOT WARS,May 25 2015,0,0,0,False,False,False,False,False,False,False,False,False,False,False,True,False,6.99,6.99,0.0
6298,rFactor 2,Nov 12 2015,0,308,26723,False,False,False,False,False,False,False,True,False,False,True,True,False,31.99,31.99,0.85486877
6373,SHOFER Race Driver,Jun 30 2015,0,0,10223,False,True,False,False,False,False,False,True,False,False,True,True,False,11.99,11.99,0.12257377
6385,Polyball,Jun 4 2015,0,104,10940,False,True,True,False,False,False,False,True,True,False,False,True,False,14.99,14.99,0.16399060000000001
6412,Obliteracers,Feb 23 2016,78,153,7712,False,True,True,False,False,False,False,False,False,False,False,True,False,14.99,14.99,0.11560288
6455,Spectra,Jul 10 2015,0,0,1435,False,True,False,False,False,False,False,False,False,False,False,True,False,7.49,7.49,0.01074815
6495,Hello Kitty and Sanrio Friends Racing,Jul 9 2015,0,0,3408,False,False,False,False,True,False,False,False,False,False,True,True,False,19.99,19.99,0.06812591999999999
6530,Teddy Floppy Ear - The Race,May 22 2015,0,447,85729,False,True,False,False,False,False,False,True,False,False,True,True,False,4.99,0.49,0.042007209999999996
6569,GROOVY,May 27 2016,0,0,12016,False,True,True,True,False,True,False,False,False,False,True,True,False,7.99,7.99,0.09600784
6653,Positron,May 2 2016,0,0,0,False,True,True,False,True,False,False,False,False,False,False,True,False,0.0,0.0,0.0
6705,Trackmania(r) Turbo,Mar 24 2016,0,839,39098,False,False,False,False,False,False,False,False,False,False,False,True,True,39.99,39.99,1.56352902
6711,Assault Corps 2,Jul 15 2015,0,0,1793,False,True,True,True,True,True,True,True,False,False,True,True,True,2.99,2.99,0.005361070000000001
6804,Badland Bandits,Jul 16 2015,0,121,71740,False,False,True,False,False,False,True,True,True,False,False,True,True,0.0,0.0,0.0
6805,Sunny Hillride,Feb 1 2016,0,0,7353,False,False,False,False,True,False,False,False,False,False,False,True,False,1.99,1.99,0.01463247
6829,Buggy,Jul 6 2015,0,0,0,False,False,False,False,False,False,False,False,False,False,False,True,False,4.99,4.99,0.0
6847,MiniOne Racing,Jul 1 2015,0,0,1973,False,True,False,False,True,False,False,False,False,False,False,True,False,4.99,4.99,0.00984527
6894,Shred! Downhill Mountain Biking,Jul 8 2015,0,0,5201,False,True,True,False,True,False,False,False,False,False,True,True,False,5.99,5.99,0.031153990000000003
6898,RC Simulation 2.0,Nov 24 2015,0,127,4125,False,True,True,False,True,False,False,True,True,False,False,True,False,14.99,14.99,0.06183375
6900,DRIFT 84,Jul 14 2015,0,0,808,False,False,False,False,False,False,False,False,True,False,False,True,False,2.99,2.99,0.0024159200000000002
6902,My Paper Boat,Sep 23 2015,0,0,1614,False,False,False,True,True,False,False,False,False,False,False,True,False,4.99,4.99,0.008053860000000001
6962,Flight Unlimited Las Vegas,Jul 8 2015,0,0,1614,False,False,False,False,False,False,False,True,False,False,False,True,False,2.99,2.99,0.00482586
6984,Impulse Revolution,Sep 10 2015,0,0,535,False,True,False,False,True,False,False,False,False,False,False,True,False,6.99,6.99,0.00373965
6998,PolyRace,Mar 24 2016,0,0,535,False,True,False,False,False,False,False,False,False,False,False,True,False,12.99,12.99,0.006949650000000001
7041,Jet Racing Extreme,Jul 14 2015,0,1033,151550,False,True,True,False,False,False,False,True,True,False,True,True,False,3.99,3.99,0.6046845
7052,ATV GP,Jul 10 2015,0,0,1076,False,False,False,False,False,False,False,False,False,False,True,True,False,1.99,1.99,0.00214124
7054,MiniDrivers,Aug 31 2015,0,0,26006,False,True,False,False,False,False,False,True,False,False,True,True,False,5.99,5.99,0.15577594
7085,Crossout,Aug 24 2016,0,190,9685,True,False,True,False,False,False,False,False,True,False,False,True,True,29.99,29.99,0.29045314999999994
7099,Sparkour,Late 2016,0,0,0,False,True,False,False,True,False,False,False,False,False,False,True,False,0.0,0.0,0.0
7185,Link: The Unleashed Nexus,Aug 21 2015,0,0,3587,False,True,True,False,False,False,False,False,False,False,False,True,False,9.99,9.99,0.03583413
7215,Wild Animal Racing,Mar 7 2016,0,310,5560,False,True,True,False,True,False,False,True,False,False,True,True,False,3.99,3.99,0.0221844
7219,Formula Fusion,Aug 3 2015,0,175,2511,False,False,False,False,False,False,False,True,True,False,True,True,False,19.99,19.99,0.05019489
7225,Deserter Simulator,Jul 30 2015,0,0,4125,False,True,True,False,False,False,False,True,False,False,False,True,False,9.99,9.99,0.04120875
7261,F1 2016,Aug 18 2016,86,1275,116936,False,False,False,False,False,False,False,True,False,False,True,True,False,59.99,59.99,7.014990640000001
7305,TRON RUN/r,Feb 16 2016,0,217,14169,True,False,True,False,False,False,False,False,False,False,False,True,False,19.99,19.99,0.28323831
7335,Trucker 2,Aug 14 2015,0,0,0,False,False,False,False,False,False,False,True,False,False,False,True,False,2.99,2.99,0.0
7347,Motorhead,Sep 16 2015,0,0,538,False,False,False,False,False,False,False,False,False,False,False,True,False,4.99,4.99,0.00268462
7359,TNN Motorsports Hardcore TR,Aug 10 2015,0,0,1067,False,False,False,False,False,False,False,False,False,False,True,True,False,4.99,4.99,0.0053243299999999995
7436,Velocity Stream,Oct 5 2015,0,0,0,False,False,False,False,False,False,False,False,False,False,False,True,False,9.99,9.99,0.0
7449,InCell VR,Sep 3 2015,0,147,95593,False,True,False,False,False,True,False,False,False,True,False,True,False,0.0,0.0,0.0
7481,GRIP,Feb 2 2016,0,501,9685,False,True,True,False,False,False,False,False,True,False,False,True,False,15.99,15.99,0.15486315
7511,Nulldrifters,Dec 14 2015,0,0,0,False,False,False,False,False,False,False,False,False,False,False,True,False,1.99,1.99,0.0
7555,Goggles - World of Vaporia,Oct 9 2015,0,0,0,False,True,True,True,True,False,False,False,False,False,False,True,False,7.99,7.99,0.0
7595,Mad Snowboarding,Sep 8 2015,0,0,5380,False,True,False,False,False,False,False,False,False,False,True,True,False,8.99,8.99,0.048366200000000005
7598,Atari Vault,Mar 24 2016,0,175,16859,False,False,True,True,True,True,True,False,False,False,True,True,False,19.99,19.99,0.33701140999999996
7617,MadOut Ice Storm,Sep 7 2015,0,0,2690,False,True,True,False,False,False,False,True,False,False,False,True,False,6.99,6.99,0.018803100000000003
7630,MXGP2 - The Official Motocross Videogame,Apr 7 2016,0,235,17218,False,False,False,False,False,False,False,True,False,False,True,True,False,49.99,49.99,0.86072782
7631,Ultimate Rock Crawler,Jan 25 2016,0,0,1614,False,True,False,False,False,False,False,True,False,False,True,True,False,4.99,4.99,0.008053860000000001
7740,Dexterity Ball 3D(tm),Dec 7 2015,0,0,535,False,True,True,False,False,False,False,False,False,False,False,True,False,6.99,6.99,0.00373965
7746,Sky To Fly: Faster Than Wind,Mar 25 2016,0,106,12734,False,True,True,True,False,False,False,True,False,False,True,True,False,3.99,3.99,0.050808660000000005
7748,MotoGP(tm)15 Compact,Dec 10 2015,0,0,6995,False,False,False,False,False,False,False,True,False,False,True,True,False,9.99,9.99,0.06988005
7845,KartKraft(tm), ,0,0,1255,False,False,False,False,False,False,False,True,True,False,True,True,False,0.0,0.0,0.0
7863,Dub Dash,Feb 16 2016,0,145,16141,False,True,True,False,False,False,False,False,False,False,False,True,False,4.99,4.99,0.08054359
7944,Clumsy Moose Season,Mar 2 2016,0,0,6277,False,True,True,True,True,False,False,True,True,False,True,True,False,3.99,2.99,0.01876823
7972,Ampersand,Oct 19 2015,0,657,108148,False,True,False,False,False,False,False,False,False,False,False,True,False,0.99,0.99,0.10706652
7975,Liftoff,Nov 9 2015,0,255,31924,False,True,False,False,False,False,False,True,True,False,True,True,False,19.99,19.99,0.6381607599999999
8064,Metal War Online: Retribution,Dec 2015,0,488,399950,False,False,True,False,False,False,False,False,True,True,False,True,True,0.0,0.0,0.0
8081,Drift Streets Japan,Dec 21 2015,0,1779,121958,False,True,True,False,False,False,False,True,False,False,True,True,True,4.99,4.99,0.6085704200000001
8135,Observatory: A VR Variety Pack,May 12 2016,0,0,808,False,True,False,True,False,False,False,False,True,False,False,True,False,9.99,9.99,0.00807192
8156,Kart Racing Pro, ,0,0,0,False,False,False,False,False,False,False,True,False,False,True,True,False,0.0,0.0,0.0
8159,OmniBus,May 26 2016,55,111,5022,False,True,True,True,True,False,False,True,False,False,False,True,False,9.99,9.99,0.05016978
8195,MiniBikers,Nov 5 2015,0,0,21701,False,True,False,False,False,False,False,False,False,False,True,True,False,5.99,5.99,0.12998899
8202,Tacopocalypse,Jan 15 2016,0,0,0,False,True,True,False,False,False,False,False,True,False,False,True,False,9.99,9.99,0.0
8227,Moto Racer  4,Nov 3 2016,0,0,1255,False,False,False,False,False,False,False,False,False,False,False,True,False,29.99,29.99,0.037637449999999996
8248,MicroRC Simulation,Dec 15 2015,0,0,533,False,True,False,False,False,False,False,True,False,False,True,True,False,1.99,1.99,0.00106067
8254,Gumball Drift,Apr 4 2016,0,0,0,False,False,True,False,False,False,False,False,False,False,True,True,False,19.99,19.99,0.0
8357,Wacky Wheels HD,Apr 27 2016,0,0,535,False,False,False,False,False,False,False,False,True,False,False,True,False,9.99,9.99,0.00534465
8360,VR Karts SteamVR,May 20 2016,0,0,897,False,True,False,False,True,False,False,False,False,False,False,True,False,14.99,14.99,0.013446030000000001
8379,Wheres My Mommy?,Mar 1 2016,0,0,4484,False,True,True,True,True,False,False,True,False,False,False,True,False,5.99,5.99,0.02685916
8433,Road to Ballhalla,Aug 5 2016,76,0,81604,False,True,True,True,False,False,False,False,False,False,False,True,False,14.99,14.99,1.22324396
8500,MadOut Open City,Mar 29 2016,0,184,5380,False,True,True,False,False,False,False,True,False,False,True,True,False,7.99,7.99,0.0429862
8576,Grass Max,Jun 22 2016,0,0,717,False,False,True,False,False,False,False,False,False,False,False,True,False,9.99,3.99,0.00286083
8606,Earn to Die 2,May 5 2016,0,180,10582,False,True,True,False,False,False,False,False,False,False,False,True,False,4.99,4.99,0.05280418
8607,Automobilista,Aug 24 2016,0,360,23674,False,False,False,False,False,False,False,True,False,False,True,True,False,39.99,39.99,0.94672326
8663,Breakneck,Feb 1 2016,76,0,1076,False,False,True,False,False,False,False,False,True,False,False,True,False,4.99,4.99,0.00536924
8736,Rock of Ages 2: Bigger & Boulder (tm),Fall 2016,0,0,0,False,True,True,False,False,True,False,False,False,False,False,True,False,0.0,0.0,0.0
8759,Eight Mini Racers,Jan 12 2016,0,0,5380,False,False,False,False,True,False,False,False,False,False,False,True,False,0.99,0.99,0.0053262
8775,Intergalactic Road Warriors,Mar 11 2016,0,0,0,False,True,True,False,False,False,False,False,True,False,False,True,False,8.99,8.99,0.0
8787,Trials of the Blood Dragon,Jun 13 2016,54,0,3946,False,False,False,False,False,False,False,False,False,False,False,True,False,14.99,14.99,0.05915054
8876,SCORE,Jul 5 2016,0,0,0,False,True,True,True,False,False,False,True,True,False,True,True,True,9.99,9.99,0.0
8882,Valentino Rossi The Game,Jun 16 2016,72,127,10402,False,False,False,False,False,False,False,True,False,False,True,True,False,49.99,49.99,0.51999598
8966,VALENS,Feb 18 2016,0,0,0,False,True,True,True,True,False,True,True,False,False,True,True,False,7.99,7.99,0.0
8973,OutDrive,Feb 22 2016,0,852,87523,False,True,False,False,True,False,False,False,False,False,False,True,False,2.99,2.99,0.26169377
8981,Switchcars,Mar 4 2016,0,263,88419,False,True,True,False,False,False,False,False,True,False,False,True,False,8.99,8.99,0.79488681
8982,Iron Madness,Mar 2 2016,0,0,44837,False,True,True,False,True,False,False,True,True,True,True,True,False,0.0,0.0,0.0
9019,Riptide GP: Renegade,Jul 26 2016,0,0,1255,False,False,False,False,False,False,False,False,False,False,False,True,False,14.99,14.99,0.01881245
9026,Super Night Riders,Feb 22 2016,0,0,1255,False,True,False,False,False,False,False,True,False,False,True,True,False,7.99,7.99,0.01002745
9052,Void 21,Apr 4 2016,0,0,897,False,True,True,False,False,False,False,False,False,False,False,True,False,8.99,8.99,0.00806403
9058,SUPER IMPOSSIBLE ROAD,May 11 2016,0,0,1614,False,True,True,False,False,False,False,False,True,False,False,True,False,12.99,12.99,0.02096586
9062,Cologne,Mar 10 2016,0,0,535,False,True,True,False,True,False,False,False,False,False,False,True,False,2.99,2.99,0.00159965
9068,Combat Racers,Apr 16 2016,0,0,2511,False,True,True,False,False,False,False,False,False,False,False,True,False,6.99,6.99,0.01755189
9069,Death Stair,Aug 16 2016,0,0,1793,False,True,True,False,True,False,False,False,False,False,True,True,False,4.99,4.99,0.00894707
9095,Toy Plane Heroes,Apr 5 2016,0,0,1435,False,True,True,False,False,False,False,False,True,False,False,True,False,12.99,12.99,0.01864065
9104,Mantis Burn Racing,Jul 5 2016,0,0,1435,False,True,False,False,True,False,False,False,True,False,False,True,False,12.99,12.99,0.01864065
9200,Dead End Road,Jul 8 2016,0,0,2870,False,True,True,False,False,False,False,False,False,False,False,True,False,2.99,2.99,0.008581300000000002
9201,Draw Rider,Mar 31 2016,0,0,20267,False,True,True,False,False,False,False,False,False,False,False,True,False,1.99,1.99,0.04033133
9208,VirZOOM Arcade,Jun 30 2016,0,0,46810,False,True,True,True,True,False,False,False,False,False,True,True,False,0.0,0.0,0.0
9255,Rage Parking Simulator 2016,Mar 3 2016,0,679,171996,False,True,False,False,True,False,False,False,False,False,False,True,False,3.99,3.99,0.6862640400000001
9290,Table Top Racing: World Tour,May 25 2016,0,218,10761,False,False,False,False,False,False,False,False,False,False,False,True,False,14.99,14.99,0.16130739000000002
9326,Cranks and Goggles,Jun 11 2016,0,0,0,False,True,False,False,True,False,False,False,True,False,True,True,False,6.99,6.99,0.0
9401,CrazyCars3D,Jun 14 2016,0,0,10402,False,True,True,True,True,False,False,True,False,False,False,True,False,2.99,2.99,0.031101980000000005
9413,Rally Copters,Aug 10 2016,0,0,0,False,True,False,False,False,False,False,False,False,False,True,True,False,6.99,6.99,0.0
9465,Smash Pixel Racing,Jun 20 2016,0,0,1067,False,True,True,False,False,False,False,False,True,False,False,True,False,2.99,2.99,0.0031903300000000003
9481,DUCATI - 90th Anniversary,Jun 9 2016,0,0,1435,False,False,False,False,False,False,False,True,False,False,True,True,False,19.99,19.99,0.028685649999999997
9508,Road Madness,Mar 29 2016,0,0,15245,False,False,True,False,False,False,False,False,False,False,False,True,False,0.99,0.99,0.01509255
9512,Sky to Fly: Soulless Leviathan,Jul 22 2016,0,0,3408,False,True,True,True,False,False,False,True,False,False,True,True,False,3.99,3.99,0.01359792
9552,WRC 6 FIA World Rally Championship,October 2016,0,0,11120,False,False,False,False,False,False,False,False,False,False,False,True,False,0.0,0.0,0.0
9609,Rolld,Apr 14 2016,0,122,23315,False,True,True,False,True,False,False,False,False,False,False,True,False,0.99,0.49,0.01142435
9615,Riding Out,May 25 2016,0,0,1614,False,False,False,False,False,False,True,True,True,False,False,True,True,19.99,19.99,0.03226386
9633,Drone Racing,May 23 2016,0,0,1614,False,False,False,False,False,False,False,True,False,False,True,True,False,9.99,9.99,0.01612386
9651,Skyreach,Apr 29 2016,0,0,99898,False,True,False,False,True,False,False,False,False,True,False,True,False,0.0,0.0,0.0
9664,Sweet Escape VR,Apr 20 2016,0,0,1076,False,True,True,True,True,False,False,True,True,False,True,True,False,19.99,19.99,0.02150924
9743,Led It Rain,Jun 10 2016,0,0,4842,False,True,True,False,False,False,False,False,True,False,False,True,False,4.99,4.99,0.024161580000000002
9783,New Retro Arcade: Neon,Aug 1 2016,0,0,6636,False,True,True,True,True,False,False,True,False,False,True,True,False,19.99,19.99,0.13265364
9806,Race & Destroy,May 16 2016,0,0,1793,False,True,True,False,False,False,False,True,False,False,True,True,False,2.99,2.99,0.005361070000000001
9829,Cant Drive This,Fall 2016,0,0,10761,False,True,True,False,True,False,False,False,True,False,False,True,False,0.0,0.0,0.0
9869,Aqua Moto Racing Utopia,Jul 13 2016,0,0,0,False,True,True,False,False,False,False,True,True,False,True,True,False,19.99,19.99,0.0
9873,VR Regatta,May 31 2016,0,0,41968,True,False,False,False,False,False,False,True,True,False,True,True,False,0.0,0.0,0.0
9883,The Concourse,May 31 2016,0,0,0,False,True,True,False,False,False,False,False,False,False,True,True,False,9.99,9.99,0.0
9923,Angel Express [Tokkyu Tenshi],Jul 15 2016,0,0,1973,False,True,True,True,False,False,False,False,False,False,False,True,False,9.99,9.99,0.019710270000000002
9925,moto RKD dash,Jun 3 2016,0,0,1255,False,True,False,False,True,False,False,True,False,False,False,True,False,2.99,2.99,0.00375245
9946,Rocket Ski Racing,Jul 11 2016,0,0,538,False,True,True,False,False,False,False,False,True,False,True,True,False,9.99,4.99,0.00268462
9979,BallisticNG,May 31 2016,0,404,110659,False,True,False,False,False,False,False,False,True,True,False,True,False,0.0,0.0,0.0
10020,MTB Downhill Simulator,May 27 2016,0,112,3587,False,True,True,False,False,False,False,True,False,False,True,True,False,7.99,7.99,0.028660130000000002
10050,Ride 2,Oct 2016,0,0,13631,False,False,False,False,False,False,False,True,False,False,True,True,False,0.0,0.0,0.0
10249,Totally Unbalanced,Jul 29 2016,0,0,2332,False,True,True,True,True,False,False,False,False,False,False,True,False,3.99,3.99,0.009304680000000001
10269,JDM Tuner Racing,Jun 7 2016,0,147,99360,False,False,True,False,False,False,False,True,False,False,True,True,False,0.99,0.99,0.09836639999999999
10274,The Karters,Nov 8 2016,0,0,0,False,True,True,False,False,False,False,False,True,False,False,True,False,0.0,0.0,0.0
10280,Dream Car Racing 3D,Sep 22 2016,0,0,2152,False,True,False,False,False,False,False,True,True,False,False,True,False,0.0,0.0,0.0
10297,MachRace,Jun 30 2016,0,0,0,False,True,False,False,True,False,False,False,True,False,False,True,False,2.99,2.99,0.0
10374,Duckie Dash,Jul 13 2016,0,0,0,False,True,True,False,True,False,False,False,False,False,False,True,False,9.99,9.99,0.0
10389,Zero-G VR,Jun 16 2016,0,140,5201,False,True,False,True,True,False,False,True,False,False,True,True,False,4.99,4.99,0.025952990000000002
10392,Beeftacular,Aug 26 2016,0,0,0,False,True,True,False,True,False,False,False,False,False,True,True,False,5.99,5.99,0.0
10439,Bank Limit : Advanced Battle Racing,Aug 16 2016,0,0,0,False,False,False,False,False,False,False,False,False,False,False,True,False,24.99,24.99,0.0
10473,STANDBY,Fall 2016,0,0,0,False,True,True,True,False,False,False,False,False,False,False,True,False,0.0,0.0,0.0
10522,Return Zero VR,Sep 12 2016,0,0,539,False,False,True,False,False,False,False,False,False,False,False,True,False,5.99,5.09,0.00274351
10530,Running Gods,Sep 13 2016,0,0,808,False,True,True,True,True,False,False,False,False,False,False,True,False,4.99,4.49,0.00362792
10532,RC Racing Off Road 2.0,Jul 1 2016,0,0,0,False,False,False,False,False,False,False,True,False,False,True,True,False,12.99,12.99,0.0
10576,Street Legal Racing: Redline v2.3.1,Aug 5 2016,0,340,18473,False,False,False,False,False,False,False,True,False,False,False,True,False,6.99,6.99,0.12912627000000002
10627,Extreme Forklifting 2,Aug 5 2016,0,0,2870,False,False,False,False,False,False,False,True,False,False,False,True,False,1.99,1.99,0.0057113
10694,Jockey Rush,Jul 15 2016,0,0,0,False,True,True,False,False,True,False,True,False,False,True,True,False,19.99,19.99,0.0
10697,GI Racing 2.0,Jul 22 2016,0,0,0,False,True,False,False,False,False,False,True,True,False,True,True,False,9.99,9.99,0.0
10715,Space Ribbon,Aug 5 2016,0,0,1077,False,True,True,False,True,False,False,True,True,False,True,True,False,12.99,12.99,0.01399023
10820,Hover Havoc,Jul 28 2016,0,0,0,False,False,True,True,True,False,False,False,False,False,False,True,False,9.99,9.99,0.0
10832,MXGP2 - The Official Motocross Videogame Compact,Sep 8 2016,0,0,1255,False,False,False,False,False,False,False,True,False,False,True,True,False,9.99,9.99,0.01253745
10859,Sky Valley,Aug 4 2016,0,0,6995,False,True,False,False,True,False,False,True,False,False,False,True,False,1.99,1.99,0.01392005
10899,NASCAR Heat Evolution,Sep 12 2016,0,0,1435,False,False,False,False,False,False,False,False,False,False,False,True,False,59.99,59.99,0.08608565000000001
10915,Mini Z Racers Turbo,Sep 6 2016,0,0,0,False,True,False,False,True,False,False,False,False,False,False,True,False,4.99,4.99,0.0
10928,Lethal Brutal Racing,Aug 5 2016,0,0,27799,False,False,True,False,False,False,False,False,False,False,True,True,False,5.99,5.99,0.16651601000000002
10935,God Simulator,Aug 3 2016,0,0,0,False,True,False,True,True,False,False,False,False,False,False,True,False,2.99,1.49,0.0
11006,MOTORGUN,Sep 13 2016,0,0,3049,False,True,True,False,False,False,False,False,True,False,False,True,True,9.99,9.99,0.030459510000000002
11026,One Giant Leap,Aug 22 2016,0,0,0,False,False,True,True,False,False,False,False,True,False,False,True,False,3.99,3.99,0.0
11037,Birdtual Reality,Aug 23 2016,0,0,0,False,True,False,False,False,False,False,True,False,False,False,True,False,5.99,5.99,0.0
11058,J.U.R : Japan Underground Racing,Aug 17 2016,0,0,6457,False,True,False,False,True,False,False,True,False,False,False,True,False,4.99,4.99,0.03222043
11074,DragonBlast VR,Sep 1 2016,0,0,0,False,True,True,False,True,False,False,False,True,False,False,True,False,4.99,4.99,0.0
11092,Drive Megapolis,Aug 24 2016,0,0,6457,False,True,False,False,True,False,False,True,False,False,False,True,False,4.99,4.99,0.03222043
11120,Grapply,Late 2016,0,0,0,False,False,False,False,False,False,False,False,True,False,False,True,False,0.0,0.0,0.0
11158,Redout,Sep 2 2016,79,575,29055,False,False,False,False,False,False,False,False,False,False,False,True,False,34.99,34.99,1.01663445
11454,XMODULE,Sep 15 2016,0,0,533,False,True,False,False,False,False,False,False,True,False,False,True,False,9.99,8.99,0.0047916700000000005
11581,Across Flash,Aug 31 2016,0,0,4484,False,True,False,False,True,False,False,False,False,False,False,True,False,2.99,2.99,0.013407160000000001
11602,Thick Air,Sep 15 2016,0,0,0,False,False,False,False,False,False,False,False,True,False,False,True,False,9.99,7.99,0.0
11740,Diesel Guns,Sep 22 2016,0,0,1886,False,False,True,False,False,False,False,False,True,False,False,True,False,2.99,2.99,0.00563914
11756,Chalo Chalo,Oct 24 2016,0,0,0,False,True,False,False,False,True,False,False,True,False,True,True,False,0.0,0.0,0.0
11812,Demon Truck,Sep 26 2016,0,0,2511,False,True,True,False,True,False,False,False,False,False,False,True,False,4.99,4.49,0.01127439
11841,RollerForce,Sep 14 2016,0,0,1435,False,True,True,False,True,False,False,False,False,False,False,True,False,4.99,4.99,0.00716065
11843,Wheels of Aurelia,Sep 20 2016,0,0,2870,False,True,False,True,False,False,False,False,False,False,False,True,False,9.99,9.99,0.0286713
11845,Riding Club Championships,Sep 27 2016,0,0,62593,True,False,True,False,False,False,False,False,False,True,True,True,False,0.0,0.0,0.0
11858,Schacht,Oct 13 2016,0,0,0,False,False,True,False,True,False,False,False,True,False,False,True,False,0.0,0.0,0.0
11928,Awesome Obstacle Challenge,Sep 22 2016,0,0,0,False,True,True,False,False,False,False,False,True,False,True,True,False,7.99,7.99,0.0
12029,Offroad: VR,Sep 30 2016,0,0,4484,False,True,False,False,False,False,False,True,True,False,False,True,False,0.0,0.0,0.0
12048,Faceted Flight,Oct 5 2016,0,0,0,False,True,True,True,True,False,False,True,True,False,False,True,False,6.99,6.99,0.0
12083,Heroes of the Seven Seas VR,Oct 14 2016,0,0,3587,False,False,True,True,False,False,True,True,False,False,False,True,False,12.99,12.99,0.04659513
12097,Trucker,Oct 21 2016,0,0,538,False,False,True,False,False,False,False,True,False,False,False,True,False,1.99,1.49,0.00080162
12104,High Octane Drift,Oct 14 2016,0,698,443532,True,False,False,False,False,False,False,True,True,True,True,True,False,0.0,0.0,0.0
12121,Bambino Rally 3,Oct 13 2016,0,0,0,False,False,True,False,False,False,False,True,False,False,False,True,False,0.0,0.0,0.0
12149,City Car Driving,Nov 3 2016,0,0,13631,False,True,False,False,False,False,False,True,False,False,False,True,False,0.0,0.0,0.0
12184,Super Grav,Nov 7 2016,0,0,0,False,True,True,True,False,False,False,False,False,False,False,True,False,0.0,0.0,0.0
12214,My Summer Car,Oct 24 2016,0,423,132001,False,True,False,False,False,False,False,True,True,False,False,True,False,14.99,13.49,1.78069349
12222,Climbey,Oct 25 2016,0,0,6815,False,False,False,False,False,False,False,True,True,False,False,True,False,9.99,8.49,0.05785935
12294,Eve of Destruction - REDUX,Sep 29 2016,0,0,0,False,True,True,False,False,False,False,False,False,False,False,True,True,19.99,19.99,0.0
12325,VCB: Why City,TBD,0,0,1793,False,True,True,True,False,False,False,False,False,False,False,True,False,0.0,0.0,0.0
12328,STARUSHKO LUB,Oct 24 2016,0,0,10940,False,True,True,True,True,False,False,False,False,False,False,True,False,0.99,0.59,0.0064546
12412,Racecar.io,Oct 18 2016,0,0,35691,False,False,False,False,False,False,False,False,False,True,False,True,True,0.0,0.0,0.0
12414,Razortron 2000,Oct 12 2016,0,0,2870,False,True,False,False,True,False,False,False,False,False,False,True,False,0.99,0.99,0.0028413
12458,Drift GEAR Racing Free,Oct 21 2016,0,0,27261,False,True,False,False,False,False,False,False,False,True,True,True,False,0.0,0.0,0.0
12523,Project CARS - Pagani Edition,Oct 28 2016,0,250,342378,False,False,False,False,False,False,False,True,False,False,True,True,False,0.0,0.0,0.0
12536,Gear Gauntlet,TBA,0,0,0,False,True,True,False,True,False,False,False,False,False,False,True,False,0.0,0.0,0.0
12567,Brumm,Nov 1 2016,0,0,0,False,False,False,False,False,False,False,False,False,False,False,True,False,0.0,0.0,0.0
12579,RacetronicVR,December 2016,0,0,0,False,False,False,False,False,False,False,False,False,False,False,True,False,0.0,0.0,0.0
12618,VR RunningJoe,Oct 31 2016,0,0,0,False,False,False,False,True,False,False,False,False,False,False,True,False,0.0,0.0,0.0
12639,Drive!Drive!Drive!,December 13 2016,0,0,0,False,True,True,False,False,False,False,False,False,False,False,True,False,0.0,0.0,0.0
12651,DeathCrank,Dec 7 2016,0,0,0,False,True,True,False,False,False,False,False,True,False,False,True,False,0.0,0.0,0.0
12657,Motorsport Manager,Nov 9 2016,82,1150,52908,False,False,False,False,False,True,False,True,False,False,True,True,False,34.99,34.99,1.8512509200000002
12671,Mindball Play,Dec 1 2016,0,0,0,False,False,True,False,False,False,False,False,True,False,False,True,False,6.99,6.99,0.0
12675,Wincars Racer,Nov 18 2016,0,0,0,False,True,True,False,False,False,False,False,True,False,False,True,False,11.99,11.99,0.0
12697,Runbow,Nov 18 2016,0,0,0,False,True,True,True,True,False,False,False,False,False,False,True,False,14.99,14.99,0.0
12712,JOLT: Super Robot Racer,Nov 15 2016,0,0,0,False,False,True,False,False,False,False,False,True,False,False,True,False,4.99,4.99,0.0
12743,ATV Quadracer Ultimate,Nov 18 2016,0,0,0,False,False,False,False,False,False,False,True,False,False,True,True,False,12.99,12.99,0.0
12750,Team Racing League,Coming Soon,0,0,0,False,True,True,False,False,False,False,False,True,False,True,True,False,0.0,0.0,0.0
12756,Bicyclism EP,Nov 14 2016,0,0,533,False,True,True,False,False,False,False,True,False,False,True,True,False,7.99,7.99,0.00425867
12830,SQUAKE,Dec 2016,0,0,717,False,True,True,False,False,False,False,True,False,False,True,True,True,0.0,0.0,0.0
12926,PhysDrive,Nov 14 2016,0,0,1255,False,False,True,False,False,False,False,False,False,False,False,True,False,0.99,0.99,0.00124245
12988,Acro Storm,Dec 14 2016,0,0,0,False,True,False,False,False,False,False,False,True,False,True,True,False,0.0,0.0,0.0
13002,Peak Angle: Drift Online,Nov 24 2016,0,211,3228,True,False,False,False,False,False,False,True,False,False,False,True,False,11.99,11.99,0.038703720000000004
13056,Sphere Complex,Nov 18 2016,0,0,0,False,True,True,False,True,False,False,True,False,False,False,True,False,9.99,9.99,0.0
13061,Micro Trial RC,Nov 3 2016,0,0,0,False,False,False,False,False,False,False,True,True,False,False,True,False,3.99,3.99,0.0
13121,Alpine Ski VR,Dec 16 2016,0,0,0,False,False,False,False,True,False,False,False,False,False,True,True,False,0.0,0.0,0.0
13126,Drift King: Survival,Nov 24 2016,0,0,0,False,True,False,False,False,False,False,True,False,False,True,True,True,11.99,11.99,0.0
13181,Adrenaline Adventure,Nov 17 2016,0,0,0,False,True,True,True,False,False,False,True,False,False,False,True,False,4.99,4.99,0.0
13199,Off-Road Paradise: Trial 4x4,Dec 9 2016,0,0,0,False,True,True,True,True,False,False,False,True,False,True,True,False,12.99,10.39,0.0
13241,Mad Hunter,Nov 28 2016,0,0,5380,False,False,True,False,False,False,False,True,False,False,False,True,False,0.99,0.99,0.0053262
13262,PAKO - Car Chase Simulator,Jan 2017,0,0,0,False,True,True,False,False,False,False,False,False,False,False,True,False,0.0,0.0,0.0
13338,ZombieCarz,Dec 7 2016,0,0,808,False,True,True,False,False,False,False,False,False,False,False,True,False,0.99,0.59,0.00047672
13343,Tomato Way,Dec 7 2016,0,0,0,False,True,True,True,False,False,False,False,False,False,False,True,False,5.99,5.09,0.0
